{"500k": {"var": 22.225563068538591, "count": 1383, "mean": -0.0057845263919016629}, "100k": {"var": 21.548280463682879, "count": 1378, "mean": -0.032656023222060959}, "experimentname": "My Exp 1"}